Crimson Trial|＠||||||||||||||||
Shadow Trial|＠||||||||||||||||
Phoenix Trial|＠||||||||||||||||
Five Year Plan|＠||||||||||||||||
|＠||||||||||||||||
|＠||||||||||||||||
Into the Fray: Servants Strike!|＠||||||||||||||||
Aqua Paradiso|＠||||||||||||||||
|＠||||||||||||||||
|＠||||||||||||||||
Attack of the Shakurels|＠||||||||||||||||
Council of the Vampires|＠||||||||||||||||
Dance in the Sky|＠||||||||||||||||
The Dead from Space|＠||||||||||||||||
I Seek the Strongest|＠||||||||||||||||
|＠||||||||||||||||
