＠|＠|＠|＠|＠|＠|＠|			//ネコ
＠|＠|＠|＠|＠|＠|＠|			//タンクネコ
＠|＠|＠|＠|＠|＠|＠|			//バトルネコ
＠|＠|＠|＠|＠|＠|＠|			//キモネコ
＠|＠|＠|＠|＠|＠|＠|			//ウシネコ
＠|＠|＠|＠|＠|＠|＠|			//ネコノトリ
＠|＠|＠|＠|＠|＠|＠|			//ネコフィッシュ
＠|＠|＠|＠|＠|＠|＠|			//ネコトカゲ
＠|＠|＠|＠|＠|＠|＠|			//巨神ネコ
＠|＠|＠|＠|＠|＠|＠|			//ネコ女優
＠|＠|＠|＠|＠|＠|＠|			//カンフーにゃんこ
＠|＠|＠|＠|＠|＠|＠|			//Mr.
＠|＠|＠|＠|＠|＠|＠|			//猫縛り
＠|＠|＠|＠|＠|＠|＠|			//女王猫
＠|＠|＠|＠|＠|＠|＠|			//ネコの箱詰め
＠|＠|＠|＠|＠|＠|＠|			//ネコパンツ
＠|＠|＠|＠|＠|＠|＠|			//もねこ
＠|＠|＠|＠|＠|＠|＠|			//ネコリンリン
＠|＠|＠|＠|＠|＠|＠|			//ネコ忍者
＠|＠|＠|＠|＠|＠|＠|			//ネコゾンビ
＠|＠|＠|＠|＠|＠|＠|			//ネコざむらい
＠|＠|＠|＠|＠|＠|＠|			//スモウネコ
＠|＠|＠|＠|＠|＠|＠|			//ネコフィーバー
＠|＠|＠|＠|＠|＠|＠|			//ネコスカート
＠|＠|＠|＠|＠|＠|＠|			//ネコヴァルキリー
＠|＠|＠|＠|＠|＠|＠|			//ネコムート
＠|＠|＠|＠|＠|＠|＠|			//ケリ姫
＠|＠|＠|＠|＠|＠|＠|			//ネコひめ
＠|＠|＠|＠|＠|＠|＠|			//ネコカプセル
＠|＠|＠|＠|＠|＠|＠|			//マスクオブネコ
True Form evolution increases Range!|Also gains a chance to decrease the|attack power of Floating enemies!|＠|True Form evolution increases Range!|Also gains a chance to decrease the|attack power of Floating enemies!|			//ネコぼさつ
True Form evolution increases all stats!|Plus, gains the power to freeze Relic enemies|and becomes immune to enemy Curses.|＠|True Form evolution increases all stats!|Plus, gains the power to freeze Relic enemies|and becomes immune to enemy Curses.|			//ネコ番長
True Form evolution increases defense|and attack! Blocks Warp, and slows |Red enemy movement even further!|＠|True Form evolution increases defense|and attack! Blocks Warp, and slows |Red enemy movement even further!|			//ネコザイル
True Form evolution increases attack|speed and power! Plus, now negates|Wave attack effects and damage!|＠|True Form evolution increases attack|speed and power! Plus, now negates|Wave attack effects and damage!|			//ねこタツ
True Form evolution increases Attack!|Also gains a 100% chance to freeze the|movement of non-Metal enemies!|＠|True Form evolution increases Attack!|Also gains a 100% chance to freeze the|movement of non-Metal enemies!|			//ネコルガ
True Form evolution increases Attack!|Also gains the ability to Slow down|non-Metal enemies for a short time.|＠|True Form evolution increases Attack!|Also gains the ability to Slow down|non-Metal enemies for a short time.|			//オタネコ
True Form evolution increases Attack,|Defense, Movement Speed and Range!|＠|＠|True Form evolution increases Attack,|Defense, Movement Speed and Range!|＠|			//ネコスイマー
True Form evolution increases Attack,|decreased deploy Cost, and adds the|ability to survive one lethal blow!|＠|True Form evolution increases Attack,|decreased deploy Cost, and adds the|ability to survive one lethal blow!|			//ネコホッピング
True Form evolution increases Range|and Attack! Also gains a shortened|recovery time after deployment!|＠|True Form evolution increases Range|and Attack! Also gains a shortened|recovery time after deployment!|			//ネコ車輪
True Form evolution gains Area|Attack! Also gains a 100% chance to|freeze Red enemy movement!|＠|True Form evolution gains Area|Attack! Also gains a 100% chance to|freeze Red enemy movement!|			//ネコリンゴ
True Form evolution increases Defense!|Attack speed is also increased!|＠|＠|True Form evolution increases Defense!|Attack speed is also increased!|＠|			//ネコバスたぶ
True Form evolution increases|attack power! Plus, negates|enemy attacks' Weaken effects.|＠|True Form evolution increases|attack power! Plus, negates|enemy attacks' Weaken effects.|			//ネコエステ
True Form evolution increases Range|and Attack! Also gains a 100% chance to|freeze Red enemy movement!|＠|True Form evolution increases Range|and Attack! Also gains a 100% chance to|freeze Red enemy movement!|			//ネコアイス
True Form evolution increases all traits.|Also grants resistance to wave attacks|while protecting units behind as well!|＠|True Form evolution increases all traits.|Also grants resistance to wave attacks|while protecting units behind as well!|			//ネコマシン
True Form evolution increases Defense|and grants a hugely powerful single attack.|＠|＠|True Form evolution increases Defense|and grants a hugely powerful single attack.|＠|			//鬼にゃんま
＠|＠|＠|＠|＠|＠|＠|			//芸者ねこ
True Form evolution increases Defense|and Attack power. Also gains increased|critical chance and range!||True Form evolution increases Defense|and Attack power. Also gains increased|critical chance and range!|			//ねこジュラ
True Form evolution increases Defense|by a large amount and gives Area Attack!|＠|＠|True Form evolution increases Defense|by a large amount and gives Area Attack!|＠|			//ねこファイター
True Form evolution increases Range|and Defense, and grants a greater|chance of Knockback vs Red enemies|＠|True Form evolution increases Range|and Defense, and grants a greater|chance of Knockback vs Red enemies|			//ねこ海賊
True Form evolution increases|range and attack power. |Also grants Area Attack!|＠|True Form evolution increases|range and attack power. |Also grants Area Attack!|			//ねこ泥棒
True Form evolution increases|defense, range and attack power. |Attacks also gain Area effect!|＠|True Form evolution increases|defense, range and attack power. |Attacks also gain Area effect!|			//ねこ僧侶
True Form evolution increases Defense!|Also grants a much greater chance of|Knockback vs Floating enemies.|＠|True Form evolution increases Defense!|Also grants a much greater chance of|Knockback vs Floating enemies.|			//ねこ占い師
True Form evolution increases attack|power and range. Plus, increases|time enemies become frozen.|＠|True Form evolution increases attack|power and range. Plus, increases|time enemies become frozen.|			//ネコシャーマン
＠|＠|＠|＠|＠|＠|＠|			//エヴァンジェリスト
＠|＠|＠|＠|＠|＠|＠|			//10式戦車
True Form evolution increases Defense and|Attack Range. Also increases the length of|time Red enemies' movement is slowed.|＠|True Form evolution increases Defense and|Attack Range. Also increases the length of|time Red enemies' movement is slowed.|			//ネコ魔女
True Form evolution increases Defense,|movement speed, Attack, and Range!|＠|＠|True Form evolution increases Defense,|movement speed, Attack, and Range!|＠|			//ネコアーチャー
True Form evolution increases all traits|and critical attack chance! Also grants|resistance to enemy attacks' knockback.|＠|True Form evolution increases all traits|and critical attack chance! Also grants|resistance to enemy attacks' knockback.|			//ネコシュバリエ
True Form evolution improves|Defense and Attack Power!|＠|＠|True Form evolution improves|Defense and Attack Power!|＠|			//ネコ魔剣士
True Form evolution increases all traits|and grants Wave Attack abilities!|＠|＠|True Form evolution increases all traits|and grants Wave Attack abilities!|＠|			//ねこベビー
＠|＠|＠|＠|＠|＠|＠|			//ネコブ・ロンズ
True form gets much stronger defense!|＠|＠|＠|True form gets much stronger defense!|＠|＠|			//ねこ寿司
＠|＠|＠|＠|＠|＠|＠|			//ネコポン
＠|＠|＠|＠|＠|＠|＠|			//ネコ運動会
＠|＠|＠|＠|＠|＠|＠|			//剣士
＠|＠|＠|＠|＠|＠|＠|			//ウシ姫
＠|＠|＠|＠|＠|＠|＠|			//KHM48
＠|＠|＠|＠|＠|＠|＠|			//チビガウ
＠|＠|＠|＠|＠|＠|＠|			//執行者
＠|＠|＠|＠|＠|＠|＠|			//眠れるケリの美女
＠|＠|＠|＠|＠|＠|＠|			//ネコリーマン
True Form evolution increases Attack!|Also gains faster movement speed.|＠|＠|True Form evolution increases Attack!|Also gains faster movement speed.|＠|			//真田幸村
True Form evolution increases all traits,|allows greater attack power gains|and grants immunity to Wave Attacks.|＠|True Form evolution increases all traits,|allows greater attack power gains|and grants immunity to Wave Attacks.|			//前田慶次
True Form greatly increases defense!|Plus, improves attack power and increases|the time Freeze will affect Black enemies!|＠|True Form evolution greatly increases defense!|Plus, improves attack power and increases|the time Freeze will affect Black enemies!|			//織田信長
＠|＠|＠|＠|＠|＠|＠|			//トナカイフィッシュ
True Form evolution greatly increases|defense and movement speed, as well|as increasing attack power and range.|＠|True Form evolution increases Defense|and movement speed, as well as Attack|power and Attack range!|			//風神のウィンディ
True Form evolution increases Defense|and movement speed, as well as Attack|power and Attack range!|＠|True Form evolution increases Defense|and movement speed, as well as Attack|power and Attack range!|			//雷神のサンディア
＠|＠|＠|＠|＠|＠|＠|			//ドロイド
＠|＠|＠|＠|＠|＠|＠|			//ネコと宇宙
＠|＠|＠|＠|＠|＠|＠|			//にゃんこ成人
＠|＠|＠|＠|＠|＠|＠|			//吾輩は鬼である
＠|＠|＠|＠|＠|＠|＠|			//ひなにゃんこ
＠|＠|＠|＠|＠|＠|＠|			//ネコ忍者～青～
True Form evolution increases all|traits, and gains the ability to 100%|knockback Floating enemies.|＠|True Form evolution increases all|traits, and gains the ability to 100%|knockback Floating enemies.|			//地龍ソドム
True Form evolution increases Defense,|movement speed, Attack, and Range!|＠|＠|True Form evolution increases Defense,|movement speed, Attack, and Range!|＠|			//聖龍メギドラ
True Form evolution increases|Defense, Attack, and Range!|||True Form evolution increases|Defense, Attack, and Range!||			//竜騎士バルス
True Form evolution increases defense,|attack range, and attack speed!|＠|＠|True Form evolution increases defense,|attack range, and attack speed!|＠|			//神龍かむくら
True Form evolution increases defense,|movement speed and attack range!|Stronger against Red enemies too!|＠|True Form evolution increases defense,|movement speed and attack range!|Stronger against Red enemies too!|			//竜戦機ライデン
＠|＠|＠|＠|＠|＠|＠|			//ネコなわとび
＠|＠|＠|＠|＠|＠|＠|			//ニムエ
＠|＠|＠|＠|＠|＠|＠|			//猿王
＠|＠|＠|＠|＠|＠|＠|			//狂乱のネコ
＠|＠|＠|＠|＠|＠|＠|			//狂乱のタンクネコ
＠|＠|＠|＠|＠|＠|＠|			//狂乱のバトルネコ
＠|＠|＠|＠|＠|＠|＠|			//狂乱のキモネコ
＠|＠|＠|＠|＠|＠|＠|			//狂乱のウシネコ
＠|＠|＠|＠|＠|＠|＠|			//狂乱のネコノトリ
＠|＠|＠|＠|＠|＠|＠|			//狂乱のネコフィッシュ
＠|＠|＠|＠|＠|＠|＠|			//狂乱のネコトカゲ
＠|＠|＠|＠|＠|＠|＠|			//狂乱の巨神ネコ
＠|＠|＠|＠|＠|＠|＠|			//ネコ乙女
＠|＠|＠|＠|＠|＠|＠|			//弱酸性エル
＠|＠|＠|＠|＠|＠|＠|			//レッドマローン
＠|＠|＠|＠|＠|＠|＠|			//歌謡にゃんこ
＠|＠|＠|＠|＠|＠|＠|			//マジでコイしてる
True Form evolution increases Defense,|Attack, Range, and Attack Speed, plus|gains resistance to Weaken!|＠|True Form evolution increases Defense,|Attack, Range, and Attack Speed, plus|gains resistance to Weaken!|			//猿帝のクウ
True Form evolution increases Attack!|Defense and move speed also hugely|increased, and immune to knockback!|＠|True Form evolution increases Attack!|Defense and move speed also hugely|increased, and immune to knockback!|			//召し豚のカイ
True Form evolution increases|defense, range and attack power. |Easier to freeze Floating enemies too!|＠|True Form evolution increases|defense, range and attack power. |Easier to freeze Floating enemies too!|			//宝杖のカッパーマイン
＠|＠|＠|＠|＠|＠|＠|			//にゃんこ３兄弟
＠|＠|＠|＠|＠|＠|＠|			//マダム・ザ・花嫁
＠|＠|＠|＠|＠|＠|＠|			//セレス
＠|＠|＠|＠|＠|＠|＠|			//ノノ
＠|＠|＠|＠|＠|＠|＠|			//オルガ
＠|＠|＠|＠|＠|＠|＠|			//ノルン
＠|＠|＠|＠|＠|＠|＠|			//よいち
＠|＠|＠|＠|＠|＠|＠|			//セラム
＠|＠|＠|＠|＠|＠|＠|			//フウ
＠|＠|＠|＠|＠|＠|＠|			//アウラ
＠|＠|＠|＠|＠|＠|＠|			//レイ
＠|＠|＠|＠|＠|＠|＠|			//ワイバーン
＠|＠|＠|＠|＠|＠|＠|			//癒術士
＠|＠|＠|＠|＠|＠|＠|			//メルク
＠|＠|＠|＠|＠|＠|＠|			//女王様の休日
＠|＠|＠|＠|＠|＠|＠|			//マメマメにゃんこ
True Form evolution increases|attack power and range and defense!|＠|＠|True Form evolution increases|attack power and range and defense!|＠|			//伊達政宗
True Form evolution increases|attack power and range and defense!|＠|＠|True Form evolution increases|attack power and range and defense!|＠|			//武田信玄
＠|＠|＠|＠|＠|＠|＠|			//カラクリにゃんこ
＠|＠|＠|＠|＠|＠|＠|			//ネコフラワー
＠|＠|＠|＠|＠|＠|＠|			//うらめしにゃん
＠|＠|＠|＠|＠|＠|＠|			//金ネコ
True Form evolution gains improved|defense, range and attack power. Plus,|becomes immune to enemy Curses.|＠|True Form evolution gains improved|defense, range and attack power. Plus,|becomes immune to enemy Curses.|			//ウルフとウルルン
＠|＠|＠|＠|＠|＠|＠|			//ねねこ
＠|＠|＠|＠|＠|＠|＠|			//カンフーにゃんこG
＠|＠|＠|＠|＠|＠|＠|			//ヒカキン
True Form evolution increases defense,|attack power and attack range! Also,|immune to enemies' Weaken effects!|＠|True Form evolution increases defense,|attack power and attack range! Also,|immune to enemies' Weaken effects!|			//うらしまタロウ
True Form evolution increases attack|power! Also gains 100% chance to freeze|Floating/Angelic enemy movement!|＠|True Form evolution increases attack|power! Also gains 100% chance to freeze|Floating/Angelic enemy movement!|			//ツルの恩返し
True Form evolution increases all|traits! Also gains a higher chance to|freeze Red/Angelic enemy movement!|＠|True Form evolution increases all|traits! Also gains a higher chance to|freeze Red/Angelic enemy movement!|			//ももたろう
True Form evolution increases defense|and range! Also increases attack rate!|＠|＠|True Form evolution increases defense|and range! Also increases attack rate!|＠|			//かさじぞう
True Form evolution increases all traits|and adds the ability to 100% slow|movement of Angel and Metal enemies|＠|True Form evolution increases all traits|and adds the ability to 100% slow|movement of Angel and Metal enemies|			//かぐやひめ
＠|＠|＠|＠|＠|＠|＠|			//ネコンドー
＠|＠|＠|＠|＠|＠|＠|			//ふにゅふにゅネコ
＠|＠|＠|＠|＠|＠|＠|			//神様
＠|＠|＠|＠|＠|＠|＠|			//ネコチュートリアル
True Form evolution greatly increases|movement speed! Plus, defense, attack|and range increases!|＠|True Form evolution greatly increases|movement speed! Plus, defense, attack|and range increases!|			//ねこナース
＠|＠|＠|＠|＠|＠|＠|			//にゃんこ城Mini
True Form evolution gains improved|defense, range and attack power. Plus,|Black enemies are Slowed for longer.|＠|True Form evolution gains improved|defense, range and attack power. Plus,|Black enemies are Slowed for longer.|			//ねこガンマン
True Form evolution gains significant|attack power and increased defense.|Increased chance of knockback vs Angels|＠|True Form evolution gains significant|attack power and increased defense.|Increased chance of knockback vs Angels|			//たけうまねこ
True Form evolution slows movement|speed, but gives a big boost to defense,|attack power, and attack range.|＠|True Form evolution slows movement|speed, but gives a big boost to defense,|attack power, and attack range.|			//ブリキネコ
True Form evolution increases Defense,|and attack power!|＠|＠|True Form evolution increases Defense,|and attack power!|＠|			//ねこロッカー
True Form evolution increases|defense, range and movement speed. |Attacks also gain Area effect!|＠|True Form evolution increases|defense, range and movement speed. |Attacks also gain Area effect!|			//ねこ人魚
True Form evolution increases attack|range and shortens production time.|Angels are frozen for longer too!|＠|True Form evolution increases attack|range and shortens production time.|Angels are frozen for longer too!|			//窓辺の乙女ネコ
True Form evolution increases attack,|defense and attack range!|＠|＠|True Form evolution increases attack,|defense and attack range!|＠|			//ネコバーベル
True Form evolution gains improved attack|power and defense. Plus, becomes immune |to Curses and is Strong vs Relic enemies|＠|True Form evolution gains improved attack|power and defense. Plus, becomes immune |to Curses and is Strong vs Relic enemies|			//ネコスケート
True Form evolution increases Defense,|and Attack and gains Barrier Breaker!|Slows Angels for even longer!|＠|True Form evolution increases Defense,|and Attack and gains Barrier Breaker!|Slows Angels for even longer!|			//ネコトースター
＠|＠|＠|＠|＠|＠|＠|			//ねこフープ
＠|＠|＠|＠|＠|＠|＠|			//のべにゃん
＠|＠|＠|＠|＠|＠|＠|			//ドラリー剣士
＠|＠|＠|＠|＠|＠|＠|			//ヌボボ
True form evolution increases defense,|movement speed, and attack speed!|＠|＠|True form evolution increases defense,|movement speed, and attack speed!|＠|			//上杉謙信
True form evolution gets improved|attack power and range!|＠|＠|True form evolution gets improved|attack power and range!|＠|			//冥界のカリファ
＠|＠|＠|＠|＠|＠|＠|			//ユーリンチー
＠|＠|＠|＠|＠|＠|＠|			//狂乱のケリ姫
＠|＠|＠|＠|＠|＠|＠|			//綾小路 翔
＠|＠|＠|＠|＠|＠|＠|			//早乙女 光
＠|＠|＠|＠|＠|＠|＠|			//西園寺 瞳
＠|＠|＠|＠|＠|＠|＠|			//星グランマニエ
＠|＠|＠|＠|＠|＠|＠|			//白鳥松竹梅
＠|＠|＠|＠|＠|＠|＠|			//ネコヤンキー
True Form evolution gives a huge|increase to attack range.|＠|＠|True Form evolution gives a huge|increase to attack range.|＠|			//アシルガ
True Form evolution loses knockback|effect, but both normal and Wave |attacks gain 100% Critical chance!|＠|True Form evolution loses knockback|effect, but both normal and Wave |attacks gain 100% Critical chance!|			//クビルガ
True Form evolution increases attack|range and chance of critical attacks!|＠|＠|True Form evolution increases attack|range and chance of critical attacks!|＠|			//テコルガ
True Form evolution gains the ability to|weaken enemies. Plus, the length of time|enemies are frozen is now longer!|＠|True Form evolution gains the ability to|weaken enemies. Plus, the length of time|enemies are frozen is now longer!|			//バララガ
True Form evolution improves all traits!|Plus, has a higher chance to Slow, and|becomes immune to enemy Curses.|＠|True Form evolution improves all traits!|Plus, has a higher chance to Slow, and|becomes immune to enemy Curses.|			//コニャンダム
＠|＠|＠|＠|＠|＠|＠|			//厨房マンボウ
＠|＠|＠|＠|＠|＠|＠|			//マンボ王
＠|＠|＠|＠|＠|＠|＠|			//にゃんぼう
＠|＠|＠|＠|＠|＠|＠|			//マシュマロにゃん
True form increases all stats and|gains Barrier Breaker, plus Slow |and Knockback versus Angels!|＠|True form increases all stats and|gains Barrier Breaker, plus Slow |and Knockback versus Angels!|			//覇龍ディオラムス
＠|＠|＠|＠|＠|＠|＠|			//極道にゃんこ
＠|＠|＠|＠|＠|＠|＠|			//タクヤとユキ
＠|＠|＠|＠|＠|＠|＠|			//謎の少女ユキ
＠|＠|＠|＠|＠|＠|＠|			//ゆきにゃん
＠|＠|＠|＠|＠|＠|＠|			//183
＠|＠|＠|＠|＠|＠|＠|			//にゃんこカートR
＠|＠|＠|＠|＠|＠|＠|			//ミスターニンジャ
＠|＠|＠|＠|＠|＠|＠|			//ハルシュト
＠|＠|＠|＠|＠|＠|＠|			//コーネリア
＠|＠|＠|＠|＠|＠|＠|			//ユーヴェンス
＠|＠|＠|＠|＠|＠|＠|			//ミスティカ
＠|＠|＠|＠|＠|＠|＠|			//アロイス
＠|＠|＠|＠|＠|＠|＠|			//シトルイユ
＠|＠|＠|＠|＠|＠|＠|			//ティティ
＠|＠|＠|＠|＠|＠|＠|			//山岡実乃里
＠|＠|＠|＠|＠|＠|＠|			//中村奏絵
True Form evolution is Strong|against Alien enemies and grants|immunity to Wave Attacks.|＠|True Form evolution is Strong|against Alien enemies and grants|immunity to Wave Attacks.|			//アキラ
True Form evolution increases|attack power vs Alien enemies. |Also gains 100% Slow vs Aliens!|＠|True Form evolution increases|attack power vs Alien enemies. |Also gains 100% Slow vs Aliens!|			//西園寺メカ子
True Form evolution delivers massive|damage to Aliens and Relics, and |becomes immune to enemy Curses.|＠|True Form evolution delivers massive|damage to Aliens and Relics, and |becomes immune to enemy Curses.|			//キャットマンダディ
True form evolution gets faster|movement speed, plus improved|defense and attack speed!|＠|True form evolution gets faster|movement speed, plus improved|defense and attack speed!|			//サイキックネコ
True form evolution gains greater|defense. Also gains the ability to weaken|enemy attack power!|＠|True form evolution gains greater|defense. Also gains the ability to weaken|enemy attack power!|			//ねこ陰陽師
True Form evolution increases Defense.|Also gains more effective Freeze vs Aliens |and the ability to survive a lethal strike!|＠|True Form evolution increases Defense.|Also gains more effective Freeze vs Aliens |and the ability to survive a lethal strike!|			//ネコサーファー
＠|＠|＠|＠|＠|＠|＠|			//メタルネコ
＠|＠|＠|＠|＠|＠|＠|			//ドラムメニャー
＠|＠|＠|＠|＠|＠|＠|			//小籠包にゃんこ
True Form increases movement speed!|Plus, gains Strong vs. Angels & Aliens!|＠|＠|True Form increases movement speed!|Plus, gains Strong vs. Angels & Aliens!|＠|			//カチカチヤマンズ
＠|＠|＠|＠|＠|＠|＠|			//アイルー
＠|＠|＠|＠|＠|＠|＠|			//シェリア【キリン】
＠|＠|＠|＠|＠|＠|＠|			//リオレウス
＠|＠|＠|＠|＠|＠|＠|			//リオレイア
＠|＠|＠|＠|＠|＠|＠|			//キリンネコ
＠|＠|＠|＠|＠|＠|＠|			//ちびネコ
＠|＠|＠|＠|＠|＠|＠|			//ちびタンクネコ
＠|＠|＠|＠|＠|＠|＠|			//ちびバトルネコ
True Form Evolution gains the|ability to knockback and weaken|Red and Alien enemies!|＠|True Form Evolution gains the|ability to knockback and weaken|Red and Alien enemies!|			//ホワイトラビット
＠|＠|＠|＠|＠|＠|＠|			//214
＠|＠|＠|＠|＠|＠|＠|			//百太郎
＠|＠|＠|＠|＠|＠|＠|			//マルコ
＠|＠|＠|＠|＠|＠|＠|			//ターマ
＠|＠|＠|＠|＠|＠|＠|			//エリ
＠|＠|＠|＠|＠|＠|＠|			//フィオ
＠|＠|＠|＠|＠|＠|＠|			//SV-001
＠|＠|＠|＠|＠|＠|＠|			//アレン・オニール
＠|＠|＠|＠|＠|＠|＠|			//マーズピープル
＠|＠|＠|＠|＠|＠|＠|			//ヒュージハーミット
＠|＠|＠|＠|＠|＠|＠|			//ジュピターキング
＠|＠|＠|＠|＠|＠|＠|			//モーデン元帥
＠|＠|＠|＠|＠|＠|＠|			//ハイドゥ
True Form evolution can attack only Aliens,|but defense & attack power is massively |increased! Also resists repeated debuffs.|＠|True Form evolution can attack only Aliens,|but defense & attack power is massively |increased! Also resists repeated debuffs.|			//呪術師デスピエロ
＠|＠|＠|＠|＠|＠|＠|			//にゃんぷきん
＠|＠|＠|＠|＠|＠|＠|			//ハロウィンねねこ
＠|＠|＠|＠|＠|＠|＠|			//ウィンディスイート
＠|＠|＠|＠|＠|＠|＠|			//デビルサンディア
＠|＠|＠|＠|＠|＠|＠|			//おでん
＠|＠|＠|＠|＠|＠|＠|			//光の神徒ヴァルキリー
＠|＠|＠|＠|＠|＠|＠|			//神徒ブリュンヒルデ
＠|＠|＠|＠|＠|＠|＠|			//神徒スルズ
＠|＠|＠|＠|＠|＠|＠|			//豊穣の女神フレイヤ
＠|＠|＠|＠|＠|＠|＠|			//軍神オーディン
＠|＠|＠|＠|＠|＠|＠|			//おかめはちもくネコ
＠|＠|＠|＠|＠|＠|＠|			//ボンボンネコ
＠|＠|＠|＠|＠|＠|＠|			//見習いスニャイパー
True Form evolution has improved attack|speed and defense. Faster attack power|gains, and resistance to wave damage!|＠|True Form evolution has improved attack|speed and defense. Faster attack power|gains, and resistance to wave damage!|			//トゲルガ
＠|＠|＠|＠|＠|＠|＠|			//雪だるまのスノーカイ
＠|＠|＠|＠|＠|＠|＠|			//サンタのメリークウ
＠|＠|＠|＠|＠|＠|＠|			//聖夜のシスターカッパー
＠|＠|＠|＠|＠|＠|＠|			//ネコのプレゼント
＠|＠|＠|＠|＠|＠|＠|			//ちびキモネコ
＠|＠|＠|＠|＠|＠|＠|			//ちびウシネコ
＠|＠|＠|＠|＠|＠|＠|			//ちびネコノトリ
＠|＠|＠|＠|＠|＠|＠|			//死にたてにゃんこ
＠|＠|＠|＠|＠|＠|＠|			//剣士
＠|＠|＠|＠|＠|＠|＠|			//騎馬兵
＠|＠|＠|＠|＠|＠|＠|			//アシュラ
＠|＠|＠|＠|＠|＠|＠|			//バトルバルーン
＠|＠|＠|＠|＠|＠|＠|			//ドラゴンライダー
＠|＠|＠|＠|＠|＠|＠|			//プリティキャット
＠|＠|＠|＠|＠|＠|＠|			//サイクロプス
＠|＠|＠|＠|＠|＠|＠|			//ゴーレム
＠|＠|＠|＠|＠|＠|＠|			//天空神ゼウス
＠|＠|＠|＠|＠|＠|＠|			//守護神アヌビス
＠|＠|＠|＠|＠|＠|＠|			//美女神アフロディーテ
＠|＠|＠|＠|＠|＠|＠|			//ネコウェイ
True Form evolution gains chance to|Knockback and Slow Zombie enemies.|Plus, gains the Zombie Killer ability!|＠|True Form evolution gains chance to|Knockback and Slow Zombie enemies.|Plus, gains the Zombie Killer ability!|			//天誅ハヤブサ
＠|＠|＠|＠|＠|＠|＠|			//ニャームス
＠|＠|＠|＠|＠|＠|＠|			//ポチ
＠|＠|＠|＠|＠|＠|＠|			//クロミ
＠|＠|＠|＠|＠|＠|＠|			//せつ子
＠|＠|＠|＠|＠|＠|＠|			//ねば～る君
＠|＠|＠|＠|＠|＠|＠|			//ネコタイフーン
True Form evolution gains improved attack|power and defense. Plus, becomes immune |to Curses and weakens Relic enemies|＠|True Form evolution gains improved attack|power and defense. Plus, becomes immune |to Curses and weakens Relic enemies|			//ネコずきんミーニャ
＠|＠|＠|＠|＠|＠|＠|			//幼獣ガオ
＠|＠|＠|＠|＠|＠|＠|			//狂乱のユキ
＠|＠|＠|＠|＠|＠|＠|			//太陽神アマテラス
＠|＠|＠|＠|＠|＠|＠|			//繁栄神ガネーシャ
＠|＠|＠|＠|＠|＠|＠|			//チアにゃんこ
＠|＠|＠|＠|＠|＠|＠|			//トロピカルカリファ
＠|＠|＠|＠|＠|＠|＠|			//真夏のホワイトラビット
＠|＠|＠|＠|＠|＠|＠|			//夏色ねねこ
＠|＠|＠|＠|＠|＠|＠|			//なめこ
＠|＠|＠|＠|＠|＠|＠|			//なめこタンク
＠|＠|＠|＠|＠|＠|＠|			//白ネコなめこ
＠|＠|＠|＠|＠|＠|＠|			//要塞なめこ
＠|＠|＠|＠|＠|＠|＠|			//ふてニャン
＠|＠|＠|＠|＠|＠|＠|			//ネコ阿波踊り
＠|＠|＠|＠|＠|＠|＠|			//猫飯拳パイパイ
＠|＠|＠|＠|＠|＠|＠|			//ネコ特急
＠|＠|＠|＠|＠|＠|＠|			//狂乱の小籠包にゃんこ
＠|＠|＠|＠|＠|＠|＠|			//閃雷機兵レイ
＠|＠|＠|＠|＠|＠|＠|			//ネコ球児
＠|＠|＠|＠|＠|＠|＠|			//鹿目まどか
＠|＠|＠|＠|＠|＠|＠|			//暁美ほむら
＠|＠|＠|＠|＠|＠|＠|			//美樹さやか
＠|＠|＠|＠|＠|＠|＠|			//巴マミ
＠|＠|＠|＠|＠|＠|＠|			//佐倉杏子
＠|＠|＠|＠|＠|＠|＠|			//キュゥべえ
＠|＠|＠|＠|＠|＠|＠|			//ネコまどか
＠|＠|＠|＠|＠|＠|＠|			//ネコほむら
＠|＠|＠|＠|＠|＠|＠|			//ネコさやか
＠|＠|＠|＠|＠|＠|＠|			//ネコマミ
＠|＠|＠|＠|＠|＠|＠|			//ネコ杏子
＠|＠|＠|＠|＠|＠|＠|			//ちびまどか
＠|＠|＠|＠|＠|＠|＠|			//ちびほむら
＠|＠|＠|＠|＠|＠|＠|			//ネコキュゥべえ
＠|＠|＠|＠|＠|＠|＠|			//ネコアイスゴースト
＠|＠|＠|＠|＠|＠|＠|			//ネコ屋台
True Form evolution improves attack|distance and attack area range!|＠|＠|True Form evolution improves attack|distance and attack area range!|＠|			//帝国陸軍カタパルズ
True Form evolution improves|attack speed!|＠|＠|True Form evolution improves|attack speed!|＠|			//古代軍船ガレーズ
True Form evolution improves|defense and knockback rate!|＠|＠|True Form evolution improves|defense and knockback rate!|＠|			//飛空襲撃ボンバーズ
True form greatly increases defense and|movement speed! Plus, Slow effects against|Zombies will last for longer!|＠|True form greatly increases defense and|movement speed! Plus, Slow effects against|Zombies will last for longer!|			//ネコジャンパー
True form greatly increases defense!|Attack range also improves, and|freeze time versus zombies increases!|＠|True form greatly increases defense!|Attack range also improves, and|freeze time versus zombies increases!|			//ネコバサミ
＠|＠|＠|＠|＠|＠|＠|			//ネコ博士
＠|＠|＠|＠|＠|＠|＠|			//ネコナースキャンドル
＠|＠|＠|＠|＠|＠|＠|			//ちびネコフィッシュ
＠|＠|＠|＠|＠|＠|＠|			//ちびネコトカゲ
＠|＠|＠|＠|＠|＠|＠|			//ちび巨神ネコ
＠|＠|＠|＠|＠|＠|＠|			//大掃除ねねこ
＠|＠|＠|＠|＠|＠|＠|			//ピコ太郎
＠|＠|＠|＠|＠|＠|＠|			//海王神ポセイドン
＠|＠|＠|＠|＠|＠|＠|			//CPAC
＠|＠|＠|＠|＠|＠|＠|			//巫女姫ミタマ
＠|＠|＠|＠|＠|＠|＠|			//殺意のネコ
＠|＠|＠|＠|＠|＠|＠|			//三原慧悟
＠|＠|＠|＠|＠|＠|＠|			//ナゾウサギ
True Form evolution gains improved|defense and attack speed! Plus, gains|immunity to enemy Weaken effects.|＠|True Form evolution gains improved|defense and attack speed! Plus, gains|immunity to enemy Weaken effects.|			//さるかに合戦
True Form evolution gains improved attack|power and defense. Plus, becomes immune |to Curses and might Freeze Relic enemies|＠|True Form evolution gains improved attack|power and defense. Plus, becomes immune |to Curses and might Freeze Relic enemies|			//宮木武蔵
＠|＠|＠|＠|＠|＠|＠|			//ネコストーン
True Form evolution gains improved defense.|Plus, attack range also improves!|＠|＠|True Form evolution gains improved defense.|Plus, attack range also improves!|＠|			//ネコボクサー
＠|＠|＠|＠|＠|＠|＠|			//メビウス
＠|＠|＠|＠|＠|＠|＠|			//ベリアル
＠|＠|＠|＠|＠|＠|＠|			//ハッピー
＠|＠|＠|＠|＠|＠|＠|			//ネコエッグ
＠|＠|＠|＠|＠|＠|＠|			//上杉謙信・春
＠|＠|＠|＠|＠|＠|＠|			//道化師エッグダック
＠|＠|＠|＠|＠|＠|＠|			//イースターねねこ
＠|＠|＠|＠|＠|＠|＠|			//黒獣ガオウ
True Form evolution improves all stats!|Plus, Floating and Angel enemies are|slowed for longer period of time!|＠|True Form evolution improves all stats!|Plus, Floating and Angel enemies are|slowed for longer period of time!|			//狐娘ヒメユリ
True Form evolution gains improved attack|power and defense! Plus, Red enemies are|weakened for an even longer time!|＠|True Form evolution gains improved attack|power and defense! Plus, Red enemies are|weakened for an even longer time!|			//人魚娘ルリィ
True form gains improved attack speed|and number of pushbacks against enemies.|＠|＠|True form gains improved attack speed|and number of pushbacks against enemies.|＠|			//ミイラ娘レイカ
＠|＠|＠|＠|＠|＠|＠|			//プリンセスケリ姫号
True Form evolution gains improved defense|and attack range. Plus, weakens Black|enemies for longer lengths of time.|＠|True Form evolution gains improved defense|and attack range. Plus, weakens Black|enemies for longer lengths of time.|			//今川義元
＠|＠|＠|＠|＠|＠|＠|			//にゃんこ城壁ユニット
＠|＠|＠|＠|＠|＠|＠|			//赤髪のゆきにゃん
＠|＠|＠|＠|＠|＠|＠|			//失われし世界のユキ
＠|＠|＠|＠|＠|＠|＠|			//ネコまねき
＠|＠|＠|＠|＠|＠|＠|			//なめネコ
＠|＠|＠|＠|＠|＠|＠|			//オルトス
＠|＠|＠|＠|＠|＠|＠|			//ミシェリア
＠|＠|＠|＠|＠|＠|＠|			//とどめき
＠|＠|＠|＠|＠|＠|＠|			//ぐでたまにゃんこ
＠|＠|＠|＠|＠|＠|＠|			//ぐでたまプレート
＠|＠|＠|＠|＠|＠|＠|			//ぐでぐでプリン
＠|＠|＠|＠|＠|＠|＠|			//ニセたま軍団
True Form evolution has shorter recovery|after deployment. Attack power and move|speed increases, plus immune to Weaken.|＠|True Form evolution has shorter recovery|after deployment. Attack power and move|speed increases, plus immune to Weaken.|			//双掌星のシシル＆コマリ
＠|＠|＠|＠|＠|＠|＠|			//ネコ仙人
|||||||
＠|＠|＠|＠|＠|＠|＠|			//常夏の果実カイ
True Form evolution gains improved|attack power and Omnistrike!|＠|＠|True Form evolution gains improved|attack power and Omnistrike!|＠|			//観測兵器ガリレオ
＠|＠|＠|＠|＠|＠|＠|			//ノラ
＠|＠|＠|＠|＠|＠|＠|			//狼娘ディル
＠|＠|＠|＠|＠|＠|＠|			//ゾンビ娘ヴェルヴェーヌ
True Form evolution increases|attack power and defense!|＠|＠|True Form evolution increases|attack power and defense!|＠|			//火の精霊メララ
True Form evolution improves|attack power and defense!|＠|＠|True Form evolution improves|attack power and defense!|＠|			//水の精霊ミズリィ
True Form evolution improves|attack power and defense!|＠|＠|True Form evolution improves|attack power and defense!|＠|			//風の精霊エアル
True Form evolution increases attack,|defense and attack range!|＠|＠|True Form evolution increases attack,|defense and attack range!|＠|			//セイバー
＠|＠|＠|＠|＠|＠|＠|			//遠坂　凛
＠|＠|＠|＠|＠|＠|＠|			//イリヤスフィール
＠|＠|＠|＠|＠|＠|＠|			//アーチャー
＠|＠|＠|＠|＠|＠|＠|			//ランサー
＠|＠|＠|＠|＠|＠|＠|			//ライダー
＠|＠|＠|＠|＠|＠|＠|			//ギルガメッシュ
＠|＠|＠|＠|＠|＠|＠|			//ネコセイバー
True Form evolution gains improved|defense and a chance to|knockback Metal enemies.|＠|True Form evolution gains improved|defense and a chance to|knockback Metal enemies.|			//ネコ桜
＠|＠|＠|＠|＠|＠|＠|			//ネコ凛
＠|＠|＠|＠|＠|＠|＠|			//ネコイリヤ
＠|＠|＠|＠|＠|＠|＠|			//ちび士郎
＠|＠|＠|＠|＠|＠|＠|			//ちび桜
＠|＠|＠|＠|＠|＠|＠|			//記念ねこ
True Form gains a boost in all stats!|Plus, becomes immune to enemy|Weaken and Slow abilities!|＠|True Form gains a boost in all stats!|Plus, becomes immune to enemy|Weaken and Slow abilities!|			//ネコ探査機
True Form evolution gains improved|defense, attack power, and attack speed.|Plus, attack warm-up completes faster.|＠|True Form evolution gains improved|defense, attack power, and attack speed.|Plus, attack warm-up completes faster.|			//ネコフェンシング
＠|＠|＠|＠|＠|＠|＠|			//黒無垢のミタマ
＠|＠|＠|＠|＠|＠|＠|			//ネコバレー
＠|＠|＠|＠|＠|＠|＠|			//幼傑ダルターニャ
＠|＠|＠|＠|＠|＠|＠|			//ねこ農家
＠|＠|＠|＠|＠|＠|＠|			//ガラスネコ
＠|＠|＠|＠|＠|＠|＠|			//謎仮面のウララー
＠|＠|＠|＠|＠|＠|＠|			//氷上聡里＆ネコ
＠|＠|＠|＠|＠|＠|＠|			//矢部明雄
＠|＠|＠|＠|＠|＠|＠|			//虹谷彩理
＠|＠|＠|＠|＠|＠|＠|			//紺野美崎
＠|＠|＠|＠|＠|＠|＠|			//片桐恋
＠|＠|＠|＠|＠|＠|＠|			//猫塚かりん
True Form evolution has slower attack|rate but greatly increased attack area!|Plus, able to attack at even longer ranges.|＠|True Form evolution has slower attack|rate but greatly increased attack area!|Plus, able to attack at even longer ranges.|			//早川あおい
True Form evolution gains greatly|increased attack speed and area!|＠|＠|True Form evolution gains greatly|increased attack speed and area!|＠|			//橘みずき
True Form evolution increases|defense and attack range!|Plus, gains area attack!|＠|True Form evolution increases|defense and attack range!|Plus, gains area attack!|			//六道聖
True Form evolution greatly increases  |attack power/speed and defense!|Plus, becomes immune to slow effects!|＠|True Form evolution greatly increases  |attack power/speed and defense!|Plus, becomes immune to slow effects!|			//新島早紀
True Form evolution has a slower attack|rate but gains increased defense, attack|power and attack range!|＠|True Form evolution has a slower attack|rate but gains increased defense, attack|power and attack range!|			//星井スバル
True Form evolution greatly increases|attack power and defense!|Plus, becomes immune to wave effects!|＠|True Form evolution greatly increases|attack power and defense!|Plus, becomes immune to wave effects!|			//小山雅
True Form evolution gains improved|defense and pushbacks against enemies!||＠|＠|True Form evolution gains improved|defense and pushbacks against enemies!||			//古龍ガングリオン
＠|＠|＠|＠|＠|＠|＠|			//風隼さくら
＠|＠|＠|＠|＠|＠|＠|			//ハニトンくん
＠|＠|＠|＠|＠|＠|＠|			//めんトリ
＠|＠|＠|＠|＠|＠|＠|			//イモウト
True Form evolution gains improved|defense and attack. Plus, increased|length of Freeze effect vs Alien enemies!|＠|True Form evolution gains improved|defense and attack. Plus, increased|length of Freeze effect vs Alien enemies!|			//雷の精霊ボルト
＠|＠|＠|＠|＠|＠|＠|			//ちび碇シンジとネコ
＠|＠|＠|＠|＠|＠|＠|			//ネコゲンドウ＆ネコ冬月
＠|＠|＠|＠|＠|＠|＠|			//ネコキリン(エヴァヘッド)
＠|＠|＠|＠|＠|＠|＠|			//ちび渚カヲルとネコ
＠|＠|＠|＠|＠|＠|＠|			//ネコレイ
＠|＠|＠|＠|＠|＠|＠|			//ネコアスカ
＠|＠|＠|＠|＠|＠|＠|			//ネコマリ
＠|＠|＠|＠|＠|＠|＠|			//ちび綾波レイとネコ
True Form evolution gains improved|defense and attack. Plus, gains chance|of knockback vs. Red enemies!|＠|True Form evolution gains improved|defense and attack. Plus, gains chance|of knockback vs. Red enemies!|			//ちび式波・アスカとネコ
＠|＠|＠|＠|＠|＠|＠|			//ちび真希波・マリとネコ
＠|＠|＠|＠|＠|＠|＠|			//エヴァ零号機
＠|＠|＠|＠|＠|＠|＠|			//エヴァ初号機
True Form evolution gains improved attack |rate. Plus, attack buildup is shorter, and|gets more powerful after taking damage!|＠|True Form evolution gains improved attack |rate. Plus, attack buildup is shorter, and|gets more powerful after taking damage!|			//エヴァ２号機
＠|＠|＠|＠|＠|＠|＠|			//ネコシンジ
＠|＠|＠|＠|＠|＠|＠|			//ゼロムーンオペレーターズ
True Form evolution gains improved attack!|＠|＠|＠|True Form evolution gains improved attack!|＠|＠|			//温泉天国テルマエ
＠|＠|＠|＠|＠|＠|＠|			//狂乱のもねこ
＠|＠|＠|＠|＠|＠|＠|			//ポコタ
＠|＠|＠|＠|＠|＠|＠|			//オビス
＠|＠|＠|＠|＠|＠|＠|			//ココ
＠|＠|＠|＠|＠|＠|＠|			//太秦萌＆ネコ
＠|＠|＠|＠|＠|＠|＠|			//松賀咲＆ネコ
＠|＠|＠|＠|＠|＠|＠|			//小野ミサ＆ネコ
＠|＠|＠|＠|＠|＠|＠|			//太秦麗＆ネコ
True Form evolution gains improved attack|power and defense. Plus, immune to |Curses, and Strong against Relic enemies.|＠|True Form evolution gains improved attack|power and defense. Plus, immune to |Curses, and Strong against Relic enemies.|			//ぶんぶんネコライダー
True form improves defense and even|longer debuff effects. Weakens Relics,|and gains immunity to Curses.|＠|True form improves defense and even|longer debuff effects. Weakens Relics,|and gains immunity to Curses.|			//ネコクエスト
＠|＠|＠|＠|＠|＠|＠|			//そうまにゃん
＠|＠|＠|＠|＠|＠|＠|			//オタネコギーク
＠|＠|＠|＠|＠|＠|＠|			//ぐでたまネコマシン
True form gains improved attack speed!|Plus, gains 100% chance of Freeze|and Strong vs Zombie enemies.||True form gains improved attack speed!|Plus, gains 100% chance of Freeze|and Strong vs Zombie enemies.|//亡者探偵ヴィグラー
＠|＠|＠|＠|＠|＠|＠|			//ベタックマ
＠|＠|＠|＠|＠|＠|＠|			//ネコックマ
＠|＠|＠|＠|＠|＠|＠|			//白にゃんこ剣士
＠|＠|＠|＠|＠|＠|＠|			//ちびネコヴァルキリー
＠|＠|＠|＠|＠|＠|＠|			//ノビルガ
＠|＠|＠|＠|＠|＠|＠|			//激・神さま
＠|＠|＠|＠|＠|＠|＠|			//灼熱のビーチクウ
＠|＠|＠|＠|＠|＠|＠|			//時空神クロノス
＠|＠|＠|＠|＠|＠|＠|			//百江なぎさ
＠|＠|＠|＠|＠|＠|＠|			//黒ダルターニャ
＠|＠|＠|＠|＠|＠|＠|			//子連れにゃんこ
＠|＠|＠|＠|＠|＠|＠|			//戦隊ドリラ
＠|＠|＠|＠|＠|＠|＠|			//戦隊ウチコンガ
＠|＠|＠|＠|＠|＠|＠|			//戦隊チョキンドス
＠|＠|＠|＠|＠|＠|＠|			//戦隊ショベリン
＠|＠|＠|＠|＠|＠|＠|			//戦隊チャッソ
＠|＠|＠|＠|＠|＠|＠|			//宮本武蔵
＠|＠|＠|＠|＠|＠|＠|			//聖会長ジャンヌダルク
＠|＠|＠|＠|＠|＠|＠|			//天城龍バベル
＠|＠|＠|＠|＠|＠|＠|			//うしわか丸
＠|＠|＠|＠|＠|＠|＠|			//古代ネコ
＠|＠|＠|＠|＠|＠|＠|			//きたろう
＠|＠|＠|＠|＠|＠|＠|			//目玉おやじ
＠|＠|＠|＠|＠|＠|＠|			//ワンダー・モモコ
＠|＠|＠|＠|＠|＠|＠|			//間桐 桜
＠|＠|＠|＠|＠|＠|＠|			//ネコ士郎
＠|＠|＠|＠|＠|＠|＠|			//アーチャーネコ
＠|＠|＠|＠|＠|＠|＠|			//ネコライダー
＠|＠|＠|＠|＠|＠|＠|			//ネコ言峰＆ネコギルガメッシュ
＠|＠|＠|＠|＠|＠|＠|			//レジェルガ
＠|＠|＠|＠|＠|＠|＠|			//フィリバスターX
＠|＠|＠|＠|＠|＠|＠|			//終末兵器ムー
＠|＠|＠|＠|＠|＠|＠|			//土偶戦士ドグ丸
＠|＠|＠|＠|＠|＠|＠|			//465
＠|＠|＠|＠|＠|＠|＠|			//ブラックゼウス
＠|＠|＠|＠|＠|＠|＠|			//スーパーゼウス
＠|＠|＠|＠|＠|＠|＠|			//聖フェニックス
＠|＠|＠|＠|＠|＠|＠|			//スーパーデビル
＠|＠|＠|＠|＠|＠|＠|			//サタンマリア
＠|＠|＠|＠|＠|＠|＠|			//ヘラクライスト
＠|＠|＠|＠|＠|＠|＠|			//ネロ魔身
＠|＠|＠|＠|＠|＠|＠|			//ヤマト王子
＠|＠|＠|＠|＠|＠|＠|			//十字架天使
＠|＠|＠|＠|＠|＠|＠|			//ネコ若神子
＠|＠|＠|＠|＠|＠|＠|			//ネコデビル
＠|＠|＠|＠|＠|＠|＠|			//ネコの助
＠|＠|＠|＠|＠|＠|＠|			//幻の精霊ルミナ
＠|＠|＠|＠|＠|＠|＠|			//グミネコ
＠|＠|＠|＠|＠|＠|＠|			//ねこ娘
＠|＠|＠|＠|＠|＠|＠|			//超越科学者ヘヴン博士
＠|＠|＠|＠|＠|＠|＠|			//幸せを願った少年ソウマ
＠|＠|＠|＠|＠|＠|＠|			//カノとソウマ
＠|＠|＠|＠|＠|＠|＠|			//黒ちびヴァルキリー
＠|＠|＠|＠|＠|＠|＠|			//カレット
＠|＠|＠|＠|＠|＠|＠|			//娘剣士（ひな）
＠|＠|＠|＠|＠|＠|＠|			//エヴァ8号機
＠|＠|＠|＠|＠|＠|＠|			//ボルボンバー＋AAAヴンダー
＠|＠|＠|＠|＠|＠|＠|			//ちびミサト
＠|＠|＠|＠|＠|＠|＠|			//ちびリツコ
＠|＠|＠|＠|＠|＠|＠|			//ちびアヤナミレイ(仮称)
＠|＠|＠|＠|＠|＠|＠|			//492
＠|＠|＠|＠|＠|＠|＠|			//創造神ガイア
＠|＠|＠|＠|＠|＠|＠|			//潮風のセーラーカッパー
＠|＠|＠|＠|＠|＠|＠|			//495
＠|＠|＠|＠|＠|＠|＠|			//甲斐姫
＠|＠|＠|＠|＠|＠|＠|			//497
＠|＠|＠|＠|＠|＠|＠|			//498
＠|＠|＠|＠|＠|＠|＠|			//499
＠|＠|＠|＠|＠|＠|＠|			//500
＠|＠|＠|＠|＠|＠|＠|			//ネコブラザーズS
＠|＠|＠|＠|＠|＠|＠|			//メルシュ
＠|＠|＠|＠|＠|＠|＠|			//ネコ２Ｄ
＠|＠|＠|＠|＠|＠|＠|			//おやじネコ(店主)
＠|＠|＠|＠|＠|＠|＠|			//エンペラーズ8体目
＠|＠|＠|＠|＠|＠|＠|			//アイウォルツ
＠|＠|＠|＠|＠|＠|＠|			//スーパーにゃん
＠|＠|＠|＠|＠|＠|＠|			//ネコリュウ
＠|＠|＠|＠|＠|＠|＠|			//ネコ春麗
＠|＠|＠|＠|＠|＠|＠|			//豪鬼
＠|＠|＠|＠|＠|＠|＠|			//リュウ
＠|＠|＠|＠|＠|＠|＠|			//春麗
＠|＠|＠|＠|＠|＠|＠|			//ガイル
＠|＠|＠|＠|＠|＠|＠|			//ザンギエフ
＠|＠|＠|＠|＠|＠|＠|			//ブランカ
＠|＠|＠|＠|＠|＠|＠|			//ダルシム
＠|＠|＠|＠|＠|＠|＠|			//ケン
＠|＠|＠|＠|＠|＠|＠|			//ゴウキリン
＠|＠|＠|＠|＠|＠|＠|			//ラスヴォース
＠|＠|＠|＠|＠|＠|＠|			//ネコ七福神
＠|＠|＠|＠|＠|＠|＠|			//ネコメデューサ
＠|＠|＠|＠|＠|＠|＠|			//泉のネコ女神
＠|＠|＠|＠|＠|＠|＠|			//ネコ武道家
＠|＠|＠|＠|＠|＠|＠|			//ソラカラちゃん
＠|＠|＠|＠|＠|＠|＠|			//ソウルズ8体目
＠|＠|＠|＠|＠|＠|＠|			//シシル&コマリ　クリスマスver
＠|＠|＠|＠|＠|＠|＠|			//ネコスライム
＠|＠|＠|＠|＠|＠|＠|			//ネコサック
＠|＠|＠|＠|＠|＠|＠|//超ネコ祭4体目
＠|＠|＠|＠|＠|＠|＠|//三女エルメ
＠|＠|＠|＠|＠|＠|＠|//新ドロップキャラ
＠|＠|＠|＠|＠|＠|＠|//ポチとウルス









